{
  "timestamp": 1772086694.423925,
  "position": [
    3247.993552855529,
    -0.07665066030181905,
    -19.976793790159856
  ],
  "velocity": [
    2,
    0,
    0
  ],
  "altitude": 20.0,
  "speed": 2.0,
  "trajectory": [
    [
      3209.9298645682293,
      0.045141885269784354,
      -19.887525578685977
    ],
    [
      3212.061641493934,
      0.027911748554308696,
      -19.95741786390114
    ],
    [
      3213.8752137206043,
      -0.1435990838610499,
      -20.042807403380912
    ],
    [
      3216.013336987766,
      0.06931433345398068,
      -19.904072844863173
    ],
    [
      3217.9709592437175,
      -0.04424281614290451,
      -19.952037127510184
    ],
    [
      3219.995721679486,
      -0.02783932650243902,
      -19.98698280549409
    ],
    [
      3221.908534980312,
      0.09052362450195593,
      -19.971669247804794
    ],
    [
      3223.8879488289135,
      -0.009151882413335168,
      -19.966963583765388
    ],
    [
      3226.042828534242,
      -0.009836750997721855,
      -20.01333190956277
    ],
    [
      3227.953272974794,
      0.18090240762379803,
      -19.977973419027425
    ],
    [
      3230.1331686099666,
      -0.032345876227193586,
      -19.996730988418463
    ],
    [
      3232.069189109005,
      -0.09124331895912208,
      -19.88343093112849
    ],
    [
      3234.0748172027143,
      -0.08537308842225302,
      -20.01761916559774
    ],
    [
      3235.925714568821,
      -0.00776432243774728,
      -20.114574563740998
    ],
    [
      3237.8263817848665,
      -0.016321049885198443,
      -19.89532534417994
    ],
    [
      3240.0182407120647,
      0.023792266337151202,
      -20.03833890747645
    ],
    [
      3241.890085063357,
      -0.07237552942563406,
      -20.169547180477892
    ],
    [
      3243.9666265167357,
      -0.15142751820903677,
      -20.060063882214727
    ],
    [
      3245.887386030604,
      -0.17976564938362288,
      -19.93479321123071
    ],
    [
      3247.993552855529,
      -0.07665066030181905,
      -19.976793790159856
    ]
  ],
  "intent": "ADAPTIVE",
  "intent_confidence": 0.3642079066547775,
  "intent_probabilities": [
    0.3285970335178701,
    0.30719505982735246,
    0.3642079066547775
  ],
  "uncertainty": 0.7885224743270467,
  "risk_score": 0.32933303217234894,
  "risk_breakdown": {
    "detection_probability": 0.0,
    "altitude_risk": 0.4,
    "loiter_risk": 0.7512580034606973,
    "proximity_risk": 0.0,
    "predictability_risk": 0.9908143148020945
  },
  "risk_explanation": [
    "\u2713 LOW RISK: Minimal exposure",
    "\u2022 Loitering behavior detected in area",
    "\u2022 Trajectory pattern is highly predictable"
  ],
  "state": "ADAPTIVE",
  "counterfactual_risk": 0.09995358758031972,
  "state_history": [
    {
      "timestamp": "2026-02-26T11:34:30.562230",
      "from": "TRANSIT",
      "to": "ADAPTIVE",
      "risk": 0.2933028969857427,
      "uncertainty": 0.7712135156223031,
      "transition_id": 1
    }
  ]
}